VAR;FUSION_SHORT;FUSION_NAME;FUSION_VARIANT;FUSION_RANGE_A;FUSION_RANGE_B;BREAKPOINT_A;GENE_A;TRANSCRIPT_A;EXON_A;BREAKPOINT_B;GENE_B;TRANSCRIPT_B;EXON_B;CHROM_A;START_A;END_A;STRAND_A;CHROM_B;START_B;END_B;STRAND_B
chr2:42295516::chr2:29223528;EML4::ALK;EML4::ALK (E13::A20);V1;chr2:42169350-42295516;chr2:29192774-29223528;chr2:42295516;EML4;ENST00000318522.9;13;chr2:29223528;ALK;ENST00000389048.7;20;chr2;42169350;42295516;+;chr2;29192774;29223528;-
chr2:42325554::chr2:29223528;EML4::ALK;EML4::ALK (E20::A20);V2;chr2:42169350-42325554;chr2:29192774-29223528;chr2:42325554;EML4;ENST00000318522.9;20;chr2:29223528;ALK;ENST00000389048.7;20;chr2;42169350;42325554;+;chr2;29192774;29223528;-
chr2:42264731::chr2:29223528;EML4::ALK;EML4::ALK (E6::A20);V3a;chr2:42169350-42264731;chr2:29192774-29223528;chr2:42264731;EML4;ENST00000318522.9;6;chr2:29223528;ALK;ENST00000389048.7;20;chr2;42169350;42264731;+;chr2;29192774;29223528;-
chr2:42264764::chr2:29223528;EML4::ALK;EML4::ALK (E6ins33::A20);V3b;chr2:42169350-42301392;chr2:29192774-29223528;chr2:42301392;EML4;ENST00000318522.9;6;chr2:29223528;ALK;ENST00000389048.7;20;chr2;42169350;42301392;+;chr2;29192774;29223528;-
chr2:42264731::chr2:29223546;EML4::ALK;EML4::ALK (E6::ins18A20);V3c;chr2:42169350-42264731;chr2:29192774-29223546;chr2:42264731;EML4;ENST00000318522.9;6;chr2:29223546;ALK;ENST00000389048.7;20;chr2;42169350;42264731;+;chr2;29192774;29223546;-
chr2:42301392::chr2:29223479;EML4::ALK;EML4::ALK (E14::del49A20);V4;chr2:42169350-42301392;chr2:29192774-29223479;chr2:42301392;EML4;ENST00000318522.9;14;chr2:29223479;ALK;ENST00000389048.7;20;chr2;42169350;42301392;+;chr2;29192774;29223479;-
chr2:42245687::chr2:29223528;EML4::ALK;EML4::ALK (E2::A20);V5a;chr2:42169350-42245687;chr2:29192774-29223528;chr2:42245687;EML4;ENST00000318522.9;2;chr2:29223528;ALK;ENST00000389048.7;20;chr2;42169350;42245687;+;chr2;29192774;29223528;-
chr2:42245687::chr2:29223645;EML4::ALK;EML4::ALK (E2::ins117A20);V5b;chr2:42169350-42245687;chr2:29192774-29223645;chr2:42245687;EML4;ENST00000318522.9;2;chr2:29223645;ALK;ENST00000389048.7;20;chr2;42169350;42245687;+;chr2;29192774;29223645;-
chr2:42295516::chr2:29223597;EML4::ALK;EML4::ALK (E13::ins69A20);V6;chr2:42169350-42295516;chr2:29192774-29223597;chr2:42295516;EML4;ENST00000318522.9;13;chr2:29223597;ALK;ENST00000389048.7;20;chr2;42169350;42295516;+;chr2;29192774;29223597;-
chr2:42301392::chr2:29223516;EML4::ALK;EML4::ALK (E14del12::A20);V7;chr2:42169350-42301392;chr2:29192774-29223516;chr2:42301392;EML4;ENST00000318522.9;14;chr2:29223516;ALK;ENST00000389048.7;20;chr2;42169350;42301392;+;chr2;29192774;29223516;-
chr2:42304551::chr2:29223558;EML4::ALK;EML4::ALK (E17::ins30A20);V8a;chr2:42169350-42304551;chr2:29192774-29223558;chr2:42304551;EML4;ENST00000318522.9;17;chr2:29223558;ALK;ENST00000389048.7;20;chr2;42169350;42304551;+;chr2;29192774;29223558;-
chr2:42304581::chr2:29223593;EML4::ALK;EML4::ALK (E17ins30::ins65A20);V8b;chr2:42169350-42304581;chr2:29192774-29223593;chr2:42304551;EML4;ENST00000318522.9;17;chr2:29223558;ALK;ENST00000389048.7;20;chr2;42169350;42304581;+;chr2;29192774;29223593;-
